<?xml version="1.0" encoding="UTF-8"?><ImplementationGuide xmlns="http://hl7.org/fhir"><id value="ETDAMCDLIG"/><text><status value="extensions"/><div xmlns="http://www.w3.org/1999/xhtml"><h2>ETDAMCDLIG</h2><p>The official URL for this implementation guide is: </p><pre>https://schemas.teda.th/teda/teda-affiliate/office-of-the-permanent-secretary-ministry-of-public-health/medical-certificate/fhir/ImplementationGuide/ig</pre><div><p>สำหรับการออกใบรับรองแพทย์อิเล็กทรอนิกส์เพื่อใช้ทำใบขับขี่</p>
</div></div></text><url value="https://schemas.teda.th/teda/teda-affiliate/office-of-the-permanent-secretary-ministry-of-public-health/medical-certificate/fhir/ImplementationGuide/ig"/><version value="0.1"/><name value="ETDAMCDLIG"/><title value="ETDA Medical Certificate Driving License Implementation Guide"/><status value="draft"/><experimental value="false"/><date value="2021-12-29"/><publisher value="Electronic Transactions Development Agency (ETDA)"/><description value="สำหรับการออกใบรับรองแพทย์อิเล็กทรอนิกส์เพื่อใช้ทำใบขับขี่"/><jurisdiction><coding><system value="urn:iso:std:iso:3166"/><code value="TH"/></coding></jurisdiction><copyright value="No Rights Reserved (CC0)"/><packageId value="etda.fhir.mcdl"/><license value="CC0-1.0"/><fhirVersion value="4.0.1"/><definition><extension url="http://hl7.org/fhir/tools/StructureDefinition/ig-parameter"><extension url="code"><valueString value="releaselabel"/></extension><extension url="value"><valueString value="CI Build"/></extension></extension><extension url="http://hl7.org/fhir/tools/StructureDefinition/ig-parameter"><extension url="code"><valueString value="copyrightyear"/></extension><extension url="value"><valueString value="2022+"/></extension></extension><extension url="http://hl7.org/fhir/tools/StructureDefinition/ig-parameter"><extension url="code"><valueString value="logging"/></extension><extension url="value"><valueString value="init"/></extension></extension><extension url="http://hl7.org/fhir/tools/StructureDefinition/ig-parameter"><extension url="code"><valueString value="autoload-resources"/></extension><extension url="value"><valueString value="true"/></extension></extension><extension url="http://hl7.org/fhir/tools/StructureDefinition/ig-parameter"><extension url="code"><valueString value="path-liquid"/></extension><extension url="value"><valueString value="template/liquid"/></extension></extension><extension url="http://hl7.org/fhir/tools/StructureDefinition/ig-parameter"><extension url="code"><valueString value="path-liquid"/></extension><extension url="value"><valueString value="input/liquid"/></extension></extension><extension url="http://hl7.org/fhir/tools/StructureDefinition/ig-parameter"><extension url="code"><valueString value="path-qa"/></extension><extension url="value"><valueString value="temp/qa"/></extension></extension><extension url="http://hl7.org/fhir/tools/StructureDefinition/ig-parameter"><extension url="code"><valueString value="path-temp"/></extension><extension url="value"><valueString value="temp/pages"/></extension></extension><extension url="http://hl7.org/fhir/tools/StructureDefinition/ig-parameter"><extension url="code"><valueString value="path-output"/></extension><extension url="value"><valueString value="output"/></extension></extension><extension url="http://hl7.org/fhir/tools/StructureDefinition/ig-parameter"><extension url="code"><valueString value="path-suppressed-warnings"/></extension><extension url="value"><valueString value="input/ignoreWarnings.txt"/></extension></extension><extension url="http://hl7.org/fhir/tools/StructureDefinition/ig-parameter"><extension url="code"><valueString value="path-history"/></extension><extension url="value"><valueString value="https://schemas.teda.th/teda/teda-affiliate/office-of-the-permanent-secretary-ministry-of-public-health/medical-certificate/fhir/history.html"/></extension></extension><extension url="http://hl7.org/fhir/tools/StructureDefinition/ig-parameter"><extension url="code"><valueString value="template-html"/></extension><extension url="value"><valueString value="template-page.html"/></extension></extension><extension url="http://hl7.org/fhir/tools/StructureDefinition/ig-parameter"><extension url="code"><valueString value="template-md"/></extension><extension url="value"><valueString value="template-page-md.html"/></extension></extension><extension url="http://hl7.org/fhir/tools/StructureDefinition/ig-parameter"><extension url="code"><valueString value="apply-contact"/></extension><extension url="value"><valueString value="true"/></extension></extension><extension url="http://hl7.org/fhir/tools/StructureDefinition/ig-parameter"><extension url="code"><valueString value="apply-context"/></extension><extension url="value"><valueString value="true"/></extension></extension><extension url="http://hl7.org/fhir/tools/StructureDefinition/ig-parameter"><extension url="code"><valueString value="apply-copyright"/></extension><extension url="value"><valueString value="true"/></extension></extension><extension url="http://hl7.org/fhir/tools/StructureDefinition/ig-parameter"><extension url="code"><valueString value="apply-jurisdiction"/></extension><extension url="value"><valueString value="true"/></extension></extension><extension url="http://hl7.org/fhir/tools/StructureDefinition/ig-parameter"><extension url="code"><valueString value="apply-license"/></extension><extension url="value"><valueString value="true"/></extension></extension><extension url="http://hl7.org/fhir/tools/StructureDefinition/ig-parameter"><extension url="code"><valueString value="apply-publisher"/></extension><extension url="value"><valueString value="true"/></extension></extension><extension url="http://hl7.org/fhir/tools/StructureDefinition/ig-parameter"><extension url="code"><valueString value="apply-version"/></extension><extension url="value"><valueString value="true"/></extension></extension><extension url="http://hl7.org/fhir/tools/StructureDefinition/ig-parameter"><extension url="code"><valueString value="active-tables"/></extension><extension url="value"><valueString value="true"/></extension></extension><grouping id="-str-profile"><name value="Structures: Resource Profiles"/><description value="These define constraints on FHIR resources for systems conforming to this implementation guide"/></grouping><resource><extension url="http://hl7.org/fhir/StructureDefinition/implementationguide-page"><valueUri value="StructureDefinition-d5384bcb-0b50-41ee-8a26-e23108728272.html"/></extension><reference><reference value="StructureDefinition/d5384bcb-0b50-41ee-8a26-e23108728272"/></reference><name value="ETDA-MCDL-Observation-GA"/><description value="profile สำหรับ Observation resource ใช้บันทึกข้อมูลผลการตรวจร่างกายทั่วไป"/><groupingId value="-str-profile"/></resource><resource><extension url="http://hl7.org/fhir/StructureDefinition/implementationguide-page"><valueUri value="StructureDefinition-196f940b-649e-4636-91a7-fe40452a0c58.html"/></extension><reference><reference value="StructureDefinition/196f940b-649e-4636-91a7-fe40452a0c58"/></reference><name value="ETDA-MCDL-Encounter"/><description value="profile สำหรับ Encounter resource ใช้บันทึกข้อมูลการตรวจ"/><groupingId value="-str-profile"/></resource><resource><extension url="http://hl7.org/fhir/StructureDefinition/implementationguide-page"><valueUri value="StructureDefinition-8737ce91-1a93-4de1-9d64-e823bacae189.html"/></extension><reference><reference value="StructureDefinition/8737ce91-1a93-4de1-9d64-e823bacae189"/></reference><name value="ETDA-MCDL-Organization-ICT-MoPH"/><description value="profile สำหรับ Organization resource ใช้บันทึกข้อมูลของผู้ดูแล FHIR Document นี้ ได้แก่ ศูนย์เทคโนโลยีสารสนเทศ สำนักงานปลัดกระทรวงสาธารณสุข"/><groupingId value="-str-profile"/></resource><resource><extension url="http://hl7.org/fhir/StructureDefinition/implementationguide-page"><valueUri value="StructureDefinition-de6b2615-b71e-49d3-a1e9-78d026a0d2a2.html"/></extension><reference><reference value="StructureDefinition/de6b2615-b71e-49d3-a1e9-78d026a0d2a2"/></reference><name value="ETDA-MCDL-Condition"/><description value="profile สำหรับ Condition resource ใช้บันทึกผลการวินิจฉัย"/><groupingId value="-str-profile"/></resource><resource><extension url="http://hl7.org/fhir/StructureDefinition/implementationguide-page"><valueUri value="StructureDefinition-96ac257c-fd29-4c9d-b3bf-d69089a42f93.html"/></extension><reference><reference value="StructureDefinition/96ac257c-fd29-4c9d-b3bf-d69089a42f93"/></reference><name value="ETDA-MCDL-Bundle"/><description value="FHIR Document สำหรับใบอนุญาตขับรถ"/><groupingId value="-str-profile"/></resource><resource><extension url="http://hl7.org/fhir/StructureDefinition/implementationguide-page"><valueUri value="StructureDefinition-b9c6f7bf-09ee-4f55-b849-68ef04eae01e.html"/></extension><reference><reference value="StructureDefinition/b9c6f7bf-09ee-4f55-b849-68ef04eae01e"/></reference><name value="ETDA-MCDL-QuestionnaireResponse"/><description value="profile สำหรับ Practitioner resource ใช้บันทึกข้อมูลในใบรับรองแพทย์ในส่วนที่ผู้ป่วยกรอกเอง"/><groupingId value="-str-profile"/></resource><resource><extension url="http://hl7.org/fhir/StructureDefinition/implementationguide-page"><valueUri value="StructureDefinition-89a2dfaa-153e-4022-bdb3-4ab9fdcc47f7.html"/></extension><reference><reference value="StructureDefinition/89a2dfaa-153e-4022-bdb3-4ab9fdcc47f7"/></reference><name value="ETDA-MCDL-Location"/><description value="profile สำหรับ Location resource ใช้บันทึกข้อมูลสถานที่ตรวจ"/><groupingId value="-str-profile"/></resource><resource><extension url="http://hl7.org/fhir/StructureDefinition/implementationguide-page"><valueUri value="StructureDefinition-d7b378c4-2b84-45af-a8b7-28f235dba53a.html"/></extension><reference><reference value="StructureDefinition/d7b378c4-2b84-45af-a8b7-28f235dba53a"/></reference><name value="ETDA-MCDL-Provenance-Practitioner"/><description value="profile สำหรับ Provenance resource ใช้บันทึกข้อมูลการลงลายมือชื่อของแพทย์"/><groupingId value="-str-profile"/></resource><resource><extension url="http://hl7.org/fhir/StructureDefinition/implementationguide-page"><valueUri value="StructureDefinition-0fcbe619-0b65-4ec9-b920-b4f9d638b61e.html"/></extension><reference><reference value="StructureDefinition/0fcbe619-0b65-4ec9-b920-b4f9d638b61e"/></reference><name value="ETDA-MCDL-Practitioner"/><description value="profile สำหรับ Practitioner resource ใช้บันทึกข้อมูลแพทย์"/><groupingId value="-str-profile"/></resource><resource><extension url="http://hl7.org/fhir/StructureDefinition/implementationguide-page"><valueUri value="StructureDefinition-6cbea532-da53-448f-8d43-207569b369f6.html"/></extension><reference><reference value="StructureDefinition/6cbea532-da53-448f-8d43-207569b369f6"/></reference><name value="ETDA-MCDL-Organization-Provider"/><description value="profile สำหรับ Organization resource ใช้บันทึกข้อมูลสถานพยาบาล"/><groupingId value="-str-profile"/></resource><resource><extension url="http://hl7.org/fhir/StructureDefinition/implementationguide-page"><valueUri value="StructureDefinition-65b68a5a-cbb3-45f8-8cad-96b329933462.html"/></extension><reference><reference value="StructureDefinition/65b68a5a-cbb3-45f8-8cad-96b329933462"/></reference><name value="ETDA-MCDL-Patient"/><description value="profile สำหรับ Patient resource ใช้บันทึกข้อมูลผู้ป่วย"/><groupingId value="-str-profile"/></resource><resource><extension url="http://hl7.org/fhir/StructureDefinition/implementationguide-page"><valueUri value="StructureDefinition-04a753ed-040f-4237-9ab3-2686738911be.html"/></extension><reference><reference value="StructureDefinition/04a753ed-040f-4237-9ab3-2686738911be"/></reference><name value="ETDA-MCDL-Provenance-Patient"/><description value="profile สำหรับ Provenance resource ใช้บันทึกข้อมูลการลงลายมือชื่อของผู้ป่วย"/><groupingId value="-str-profile"/></resource><resource><extension url="http://hl7.org/fhir/StructureDefinition/implementationguide-page"><valueUri value="StructureDefinition-e915d54f-0527-4fcd-9d78-96a03fb90e33.html"/></extension><reference><reference value="StructureDefinition/e915d54f-0527-4fcd-9d78-96a03fb90e33"/></reference><name value="ETDA-MCDL-Composition"/><description value="profile สำหรับ Composition resource ซึ่งใช้สำหรับจัดโครงสร้างของเอกสารใน FHIR document (Bundle resource)"/><groupingId value="-str-profile"/></resource><page><nameUrl value="toc.html"/><title value="Table of Contents"/><generation value="html"/><page><nameUrl value="index.html"/><title value="Welcome"/><generation value="markdown"/></page><page><nameUrl value="artifacts.html"/><title value="Artifacts Summary"/><generation value="html"/><page><nameUrl value="StructureDefinition-d5384bcb-0b50-41ee-8a26-e23108728272.html"/><title value="ETDA-MCDL-Observation-GA"/><generation value="generated"/></page><page><nameUrl value="StructureDefinition-196f940b-649e-4636-91a7-fe40452a0c58.html"/><title value="ETDA-MCDL-Encounter"/><generation value="generated"/></page><page><nameUrl value="StructureDefinition-8737ce91-1a93-4de1-9d64-e823bacae189.html"/><title value="ETDA-MCDL-Organization-ICT-MoPH"/><generation value="generated"/></page><page><nameUrl value="StructureDefinition-de6b2615-b71e-49d3-a1e9-78d026a0d2a2.html"/><title value="ETDA-MCDL-Condition"/><generation value="generated"/></page><page><nameUrl value="StructureDefinition-96ac257c-fd29-4c9d-b3bf-d69089a42f93.html"/><title value="ETDA-MCDL-Bundle"/><generation value="generated"/></page><page><nameUrl value="StructureDefinition-b9c6f7bf-09ee-4f55-b849-68ef04eae01e.html"/><title value="ETDA-MCDL-QuestionnaireResponse"/><generation value="generated"/></page><page><nameUrl value="StructureDefinition-89a2dfaa-153e-4022-bdb3-4ab9fdcc47f7.html"/><title value="ETDA-MCDL-Location"/><generation value="generated"/></page><page><nameUrl value="StructureDefinition-d7b378c4-2b84-45af-a8b7-28f235dba53a.html"/><title value="ETDA-MCDL-Provenance-Practitioner"/><generation value="generated"/></page><page><nameUrl value="StructureDefinition-0fcbe619-0b65-4ec9-b920-b4f9d638b61e.html"/><title value="ETDA-MCDL-Practitioner"/><generation value="generated"/></page><page><nameUrl value="StructureDefinition-6cbea532-da53-448f-8d43-207569b369f6.html"/><title value="ETDA-MCDL-Organization-Provider"/><generation value="generated"/></page><page><nameUrl value="StructureDefinition-65b68a5a-cbb3-45f8-8cad-96b329933462.html"/><title value="ETDA-MCDL-Patient"/><generation value="generated"/></page><page><nameUrl value="StructureDefinition-04a753ed-040f-4237-9ab3-2686738911be.html"/><title value="ETDA-MCDL-Provenance-Patient"/><generation value="generated"/></page><page><nameUrl value="StructureDefinition-e915d54f-0527-4fcd-9d78-96a03fb90e33.html"/><title value="ETDA-MCDL-Composition"/><generation value="generated"/></page></page></page><parameter><code value="path-resource"/><value value="input/capabilities"/></parameter><parameter><code value="path-resource"/><value value="input/examples"/></parameter><parameter><code value="path-resource"/><value value="input/extensions"/></parameter><parameter><code value="path-resource"/><value value="input/models"/></parameter><parameter><code value="path-resource"/><value value="input/operations"/></parameter><parameter><code value="path-resource"/><value value="input/profiles"/></parameter><parameter><code value="path-resource"/><value value="input/resources"/></parameter><parameter><code value="path-resource"/><value value="input/vocabulary"/></parameter><parameter><code value="path-resource"/><value value="input/maps"/></parameter><parameter><code value="path-resource"/><value value="input/testing"/></parameter><parameter><code value="path-resource"/><value value="input/history"/></parameter><parameter><code value="path-resource"/><value value="fsh-generated/resources"/></parameter><parameter><code value="path-pages"/><value value="template/config"/></parameter><parameter><code value="path-pages"/><value value="input/images"/></parameter><parameter><code value="path-tx-cache"/><value value="input-cache/txcache"/></parameter></definition></ImplementationGuide>