{
  "package": "etda.fhir.mcdl",
  "version": "0.1",
  "fhirVersion": "4.0.1",
  "jurisdiction": "TH",
  "extensions": [],
  "profiles": {
    "Bundle": [
      {
        "url": "https://schemas.teda.th/teda/teda-affiliate/office-of-the-permanent-secretary-ministry-of-public-health/medical-certificate/fhir/MCDL",
        "title": "ETDA-MCDL-Bundle"
      }
    ],
    "Composition": [
      {
        "url": "https://schemas.teda.th/teda/teda-affiliate/office-of-the-permanent-secretary-ministry-of-public-health/medical-certificate/fhir/StructureDefinition/ETDAMCDLCompositionProfile",
        "title": "ETDA-MCDL-Composition"
      }
    ],
    "Condition": [
      {
        "url": "https://schemas.teda.th/teda/teda-affiliate/office-of-the-permanent-secretary-ministry-of-public-health/medical-certificate/fhir/StructureDefinition/ETDAMCDLCondition",
        "title": "ETDA-MCDL-Condition"
      }
    ],
    "Encounter": [
      {
        "url": "https://schemas.teda.th/teda/teda-affiliate/office-of-the-permanent-secretary-ministry-of-public-health/medical-certificate/fhir/StructureDefinition/ETDAMCDLEncounterProfile",
        "title": "ETDA-MCDL-Encounter"
      }
    ],
    "Location": [
      {
        "url": "https://schemas.teda.th/teda/teda-affiliate/office-of-the-permanent-secretary-ministry-of-public-health/medical-certificate/fhir/StructureDefinition/ETDAMCDLLocationProfile",
        "title": "ETDA-MCDL-Location"
      }
    ],
    "Observation": [
      {
        "url": "https://schemas.teda.th/teda/teda-affiliate/office-of-the-permanent-secretary-ministry-of-public-health/medical-certificate/fhir/StructureDefinition/ETDAMCDLObservationGA",
        "title": "ETDA-MCDL-Observation-GA"
      }
    ],
    "Organization": [
      {
        "url": "https://schemas.teda.th/teda/teda-affiliate/office-of-the-permanent-secretary-ministry-of-public-health/medical-certificate/fhir/StructureDefinition/ETDAMCDLOrganizationICTMoPHProfile",
        "title": "ETDA-MCDL-Organization-ICT-MoPH"
      },
      {
        "url": "https://schemas.teda.th/teda/teda-affiliate/office-of-the-permanent-secretary-ministry-of-public-health/medical-certificate/fhir/StructureDefinition/ETDAMCDLOrganizationProviderProfile",
        "title": "ETDA-MCDL-Organization-Provider"
      }
    ],
    "Practitioner": [
      {
        "url": "https://schemas.teda.th/teda/teda-affiliate/office-of-the-permanent-secretary-ministry-of-public-health/medical-certificate/fhir/StructureDefinition/ETDAMCDLPractitioner",
        "title": "ETDA-MCDL-Practitioner"
      }
    ],
    "Provenance": [
      {
        "url": "https://schemas.teda.th/teda/teda-affiliate/office-of-the-permanent-secretary-ministry-of-public-health/medical-certificate/fhir/StructureDefinition/ETDAMCDLProvenancePatientProfile",
        "title": "ETDA-MCDL-Provenance-Patient"
      },
      {
        "url": "https://schemas.teda.th/teda/teda-affiliate/office-of-the-permanent-secretary-ministry-of-public-health/medical-certificate/fhir/StructureDefinition/ETDAMCDLProvenancePractitionerProfile",
        "title": "ETDA-MCDL-Provenance-Practitioner"
      }
    ],
    "QuestionnaireResponse": [
      {
        "url": "https://schemas.teda.th/teda/teda-affiliate/office-of-the-permanent-secretary-ministry-of-public-health/medical-certificate/fhir/StructureDefinition/ETDAMCDLQuestionnaireResponseProfile",
        "title": "ETDA-MCDL-QuestionnaireResponse"
      }
    ],
    "Patient": [
      {
        "url": "https://schemas.teda.th/teda/teda-affiliate/office-of-the-permanent-secretary-ministry-of-public-health/medical-certificate/fhir/fhir/StructureDefinition/ETDAMCDLPatientProfile",
        "title": "ETDA-MCDL-Patient"
      }
    ]
  },
  "usage": {
    "http://hl7.org/fhir/StructureDefinition/elementdefinition-bestpractice": [
      "StructureDefinition.snapshot.element.constraint"
    ],
    "http://hl7.org/fhir/StructureDefinition/elementdefinition-bestpractice-explanation": [
      "StructureDefinition.snapshot.element.constraint"
    ],
    "http://hl7.org/fhir/StructureDefinition/elementdefinition-bindingName": [
      "StructureDefinition.snapshot.element.binding"
    ],
    "http://hl7.org/fhir/StructureDefinition/elementdefinition-isCommonBinding": [
      "StructureDefinition.snapshot.element.binding"
    ],
    "http://hl7.org/fhir/StructureDefinition/elementdefinition-maxValueSet": [
      "StructureDefinition.snapshot.element.binding"
    ],
    "http://hl7.org/fhir/StructureDefinition/elementdefinition-translatable": [
      "StructureDefinition.snapshot.element"
    ],
    "http://hl7.org/fhir/StructureDefinition/structuredefinition-display-hint": [
      "StructureDefinition.snapshot.element"
    ],
    "http://hl7.org/fhir/StructureDefinition/structuredefinition-explicit-type-name": [
      "StructureDefinition.snapshot.element"
    ],
    "http://hl7.org/fhir/StructureDefinition/structuredefinition-fhir-type": [
      "StructureDefinition.snapshot.element.type"
    ],
    "http://hl7.org/fhir/StructureDefinition/structuredefinition-hierarchy": [
      "StructureDefinition.snapshot.element.type"
    ],
    "http://hl7.org/fhir/StructureDefinition/structuredefinition-standards-status": [
      "StructureDefinition.snapshot.element"
    ],
    "http://hl7.org/fhir/tools/StructureDefinition/ig-parameter": [
      "ImplementationGuide.definition"
    ],
    "http://hl7.org/fhir/tools/StructureDefinition/resource-information": [
      "ImplementationGuide.definition.resource"
    ]
  }
}