{"resourceType":"ImplementationGuide","id":"ETDAMCDLIG","text":{"status":"extensions","div":"<div xmlns=\"http://www.w3.org/1999/xhtml\"><h2>ETDAMCDLIG</h2><p>The official URL for this implementation guide is: </p><pre>https://schemas.teda.th/teda/teda-affiliate/office-of-the-permanent-secretary-ministry-of-public-health/medical-certificate/fhir/ImplementationGuide/ig</pre><div><p>สำหรับการออกใบรับรองแพทย์อิเล็กทรอนิกส์เพื่อใช้ทำใบขับขี่</p>\n</div></div>"},"url":"https://schemas.teda.th/teda/teda-affiliate/office-of-the-permanent-secretary-ministry-of-public-health/medical-certificate/fhir/ImplementationGuide/ig","version":"0.1","name":"ETDAMCDLIG","title":"ETDA Medical Certificate Driving License Implementation Guide","status":"draft","experimental":false,"date":"2021-12-29","publisher":"Electronic Transactions Development Agency (ETDA)","description":"สำหรับการออกใบรับรองแพทย์อิเล็กทรอนิกส์เพื่อใช้ทำใบขับขี่","jurisdiction":[{"coding":[{"system":"urn:iso:std:iso:3166","code":"TH"}]}],"copyright":"No Rights Reserved (CC0)","packageId":"etda.fhir.mcdl","license":"CC0-1.0","fhirVersion":["4.0.1"],"definition":{"extension":[{"extension":[{"url":"code","valueString":"releaselabel"},{"url":"value","valueString":"CI Build"}],"url":"http://hl7.org/fhir/tools/StructureDefinition/ig-parameter"},{"extension":[{"url":"code","valueString":"copyrightyear"},{"url":"value","valueString":"2022+"}],"url":"http://hl7.org/fhir/tools/StructureDefinition/ig-parameter"},{"extension":[{"url":"code","valueString":"logging"},{"url":"value","valueString":"init"}],"url":"http://hl7.org/fhir/tools/StructureDefinition/ig-parameter"},{"extension":[{"url":"code","valueString":"autoload-resources"},{"url":"value","valueString":"true"}],"url":"http://hl7.org/fhir/tools/StructureDefinition/ig-parameter"},{"extension":[{"url":"code","valueString":"path-liquid"},{"url":"value","valueString":"template/liquid"}],"url":"http://hl7.org/fhir/tools/StructureDefinition/ig-parameter"},{"extension":[{"url":"code","valueString":"path-liquid"},{"url":"value","valueString":"input/liquid"}],"url":"http://hl7.org/fhir/tools/StructureDefinition/ig-parameter"},{"extension":[{"url":"code","valueString":"path-qa"},{"url":"value","valueString":"temp/qa"}],"url":"http://hl7.org/fhir/tools/StructureDefinition/ig-parameter"},{"extension":[{"url":"code","valueString":"path-temp"},{"url":"value","valueString":"temp/pages"}],"url":"http://hl7.org/fhir/tools/StructureDefinition/ig-parameter"},{"extension":[{"url":"code","valueString":"path-output"},{"url":"value","valueString":"output"}],"url":"http://hl7.org/fhir/tools/StructureDefinition/ig-parameter"},{"extension":[{"url":"code","valueString":"path-suppressed-warnings"},{"url":"value","valueString":"input/ignoreWarnings.txt"}],"url":"http://hl7.org/fhir/tools/StructureDefinition/ig-parameter"},{"extension":[{"url":"code","valueString":"path-history"},{"url":"value","valueString":"https://schemas.teda.th/teda/teda-affiliate/office-of-the-permanent-secretary-ministry-of-public-health/medical-certificate/fhir/history.html"}],"url":"http://hl7.org/fhir/tools/StructureDefinition/ig-parameter"},{"extension":[{"url":"code","valueString":"template-html"},{"url":"value","valueString":"template-page.html"}],"url":"http://hl7.org/fhir/tools/StructureDefinition/ig-parameter"},{"extension":[{"url":"code","valueString":"template-md"},{"url":"value","valueString":"template-page-md.html"}],"url":"http://hl7.org/fhir/tools/StructureDefinition/ig-parameter"},{"extension":[{"url":"code","valueString":"apply-contact"},{"url":"value","valueString":"true"}],"url":"http://hl7.org/fhir/tools/StructureDefinition/ig-parameter"},{"extension":[{"url":"code","valueString":"apply-context"},{"url":"value","valueString":"true"}],"url":"http://hl7.org/fhir/tools/StructureDefinition/ig-parameter"},{"extension":[{"url":"code","valueString":"apply-copyright"},{"url":"value","valueString":"true"}],"url":"http://hl7.org/fhir/tools/StructureDefinition/ig-parameter"},{"extension":[{"url":"code","valueString":"apply-jurisdiction"},{"url":"value","valueString":"true"}],"url":"http://hl7.org/fhir/tools/StructureDefinition/ig-parameter"},{"extension":[{"url":"code","valueString":"apply-license"},{"url":"value","valueString":"true"}],"url":"http://hl7.org/fhir/tools/StructureDefinition/ig-parameter"},{"extension":[{"url":"code","valueString":"apply-publisher"},{"url":"value","valueString":"true"}],"url":"http://hl7.org/fhir/tools/StructureDefinition/ig-parameter"},{"extension":[{"url":"code","valueString":"apply-version"},{"url":"value","valueString":"true"}],"url":"http://hl7.org/fhir/tools/StructureDefinition/ig-parameter"},{"extension":[{"url":"code","valueString":"active-tables"},{"url":"value","valueString":"true"}],"url":"http://hl7.org/fhir/tools/StructureDefinition/ig-parameter"}],"grouping":[{"id":"-str-profile","name":"Structures: Resource Profiles","description":"These define constraints on FHIR resources for systems conforming to this implementation guide"}],"resource":[{"extension":[{"url":"http://hl7.org/fhir/StructureDefinition/implementationguide-page","valueUri":"StructureDefinition-d5384bcb-0b50-41ee-8a26-e23108728272.html"}],"reference":{"reference":"StructureDefinition/d5384bcb-0b50-41ee-8a26-e23108728272"},"name":"ETDA-MCDL-Observation-GA","description":"profile สำหรับ Observation resource ใช้บันทึกข้อมูลผลการตรวจร่างกายทั่วไป","groupingId":"-str-profile"},{"extension":[{"url":"http://hl7.org/fhir/StructureDefinition/implementationguide-page","valueUri":"StructureDefinition-196f940b-649e-4636-91a7-fe40452a0c58.html"}],"reference":{"reference":"StructureDefinition/196f940b-649e-4636-91a7-fe40452a0c58"},"name":"ETDA-MCDL-Encounter","description":"profile สำหรับ Encounter resource ใช้บันทึกข้อมูลการตรวจ","groupingId":"-str-profile"},{"extension":[{"url":"http://hl7.org/fhir/StructureDefinition/implementationguide-page","valueUri":"StructureDefinition-8737ce91-1a93-4de1-9d64-e823bacae189.html"}],"reference":{"reference":"StructureDefinition/8737ce91-1a93-4de1-9d64-e823bacae189"},"name":"ETDA-MCDL-Organization-ICT-MoPH","description":"profile สำหรับ Organization resource ใช้บันทึกข้อมูลของผู้ดูแล FHIR Document นี้ ได้แก่ ศูนย์เทคโนโลยีสารสนเทศ สำนักงานปลัดกระทรวงสาธารณสุข","groupingId":"-str-profile"},{"extension":[{"url":"http://hl7.org/fhir/StructureDefinition/implementationguide-page","valueUri":"StructureDefinition-de6b2615-b71e-49d3-a1e9-78d026a0d2a2.html"}],"reference":{"reference":"StructureDefinition/de6b2615-b71e-49d3-a1e9-78d026a0d2a2"},"name":"ETDA-MCDL-Condition","description":"profile สำหรับ Condition resource ใช้บันทึกผลการวินิจฉัย","groupingId":"-str-profile"},{"extension":[{"url":"http://hl7.org/fhir/StructureDefinition/implementationguide-page","valueUri":"StructureDefinition-96ac257c-fd29-4c9d-b3bf-d69089a42f93.html"}],"reference":{"reference":"StructureDefinition/96ac257c-fd29-4c9d-b3bf-d69089a42f93"},"name":"ETDA-MCDL-Bundle","description":"FHIR Document สำหรับใบอนุญาตขับรถ","groupingId":"-str-profile"},{"extension":[{"url":"http://hl7.org/fhir/StructureDefinition/implementationguide-page","valueUri":"StructureDefinition-b9c6f7bf-09ee-4f55-b849-68ef04eae01e.html"}],"reference":{"reference":"StructureDefinition/b9c6f7bf-09ee-4f55-b849-68ef04eae01e"},"name":"ETDA-MCDL-QuestionnaireResponse","description":"profile สำหรับ Practitioner resource ใช้บันทึกข้อมูลในใบรับรองแพทย์ในส่วนที่ผู้ป่วยกรอกเอง","groupingId":"-str-profile"},{"extension":[{"url":"http://hl7.org/fhir/StructureDefinition/implementationguide-page","valueUri":"StructureDefinition-89a2dfaa-153e-4022-bdb3-4ab9fdcc47f7.html"}],"reference":{"reference":"StructureDefinition/89a2dfaa-153e-4022-bdb3-4ab9fdcc47f7"},"name":"ETDA-MCDL-Location","description":"profile สำหรับ Location resource ใช้บันทึกข้อมูลสถานที่ตรวจ","groupingId":"-str-profile"},{"extension":[{"url":"http://hl7.org/fhir/StructureDefinition/implementationguide-page","valueUri":"StructureDefinition-d7b378c4-2b84-45af-a8b7-28f235dba53a.html"}],"reference":{"reference":"StructureDefinition/d7b378c4-2b84-45af-a8b7-28f235dba53a"},"name":"ETDA-MCDL-Provenance-Practitioner","description":"profile สำหรับ Provenance resource ใช้บันทึกข้อมูลการลงลายมือชื่อของแพทย์","groupingId":"-str-profile"},{"extension":[{"url":"http://hl7.org/fhir/StructureDefinition/implementationguide-page","valueUri":"StructureDefinition-0fcbe619-0b65-4ec9-b920-b4f9d638b61e.html"}],"reference":{"reference":"StructureDefinition/0fcbe619-0b65-4ec9-b920-b4f9d638b61e"},"name":"ETDA-MCDL-Practitioner","description":"profile สำหรับ Practitioner resource ใช้บันทึกข้อมูลแพทย์","groupingId":"-str-profile"},{"extension":[{"url":"http://hl7.org/fhir/StructureDefinition/implementationguide-page","valueUri":"StructureDefinition-6cbea532-da53-448f-8d43-207569b369f6.html"}],"reference":{"reference":"StructureDefinition/6cbea532-da53-448f-8d43-207569b369f6"},"name":"ETDA-MCDL-Organization-Provider","description":"profile สำหรับ Organization resource ใช้บันทึกข้อมูลสถานพยาบาล","groupingId":"-str-profile"},{"extension":[{"url":"http://hl7.org/fhir/StructureDefinition/implementationguide-page","valueUri":"StructureDefinition-65b68a5a-cbb3-45f8-8cad-96b329933462.html"}],"reference":{"reference":"StructureDefinition/65b68a5a-cbb3-45f8-8cad-96b329933462"},"name":"ETDA-MCDL-Patient","description":"profile สำหรับ Patient resource ใช้บันทึกข้อมูลผู้ป่วย","groupingId":"-str-profile"},{"extension":[{"url":"http://hl7.org/fhir/StructureDefinition/implementationguide-page","valueUri":"StructureDefinition-04a753ed-040f-4237-9ab3-2686738911be.html"}],"reference":{"reference":"StructureDefinition/04a753ed-040f-4237-9ab3-2686738911be"},"name":"ETDA-MCDL-Provenance-Patient","description":"profile สำหรับ Provenance resource ใช้บันทึกข้อมูลการลงลายมือชื่อของผู้ป่วย","groupingId":"-str-profile"},{"extension":[{"url":"http://hl7.org/fhir/StructureDefinition/implementationguide-page","valueUri":"StructureDefinition-e915d54f-0527-4fcd-9d78-96a03fb90e33.html"}],"reference":{"reference":"StructureDefinition/e915d54f-0527-4fcd-9d78-96a03fb90e33"},"name":"ETDA-MCDL-Composition","description":"profile สำหรับ Composition resource ซึ่งใช้สำหรับจัดโครงสร้างของเอกสารใน FHIR document (Bundle resource)","groupingId":"-str-profile"}],"page":{"nameUrl":"toc.html","title":"Table of Contents","generation":"html","page":[{"nameUrl":"index.html","title":"Welcome","generation":"markdown"},{"nameUrl":"artifacts.html","title":"Artifacts Summary","generation":"html","page":[{"nameUrl":"StructureDefinition-d5384bcb-0b50-41ee-8a26-e23108728272.html","title":"ETDA-MCDL-Observation-GA","generation":"generated"},{"nameUrl":"StructureDefinition-196f940b-649e-4636-91a7-fe40452a0c58.html","title":"ETDA-MCDL-Encounter","generation":"generated"},{"nameUrl":"StructureDefinition-8737ce91-1a93-4de1-9d64-e823bacae189.html","title":"ETDA-MCDL-Organization-ICT-MoPH","generation":"generated"},{"nameUrl":"StructureDefinition-de6b2615-b71e-49d3-a1e9-78d026a0d2a2.html","title":"ETDA-MCDL-Condition","generation":"generated"},{"nameUrl":"StructureDefinition-96ac257c-fd29-4c9d-b3bf-d69089a42f93.html","title":"ETDA-MCDL-Bundle","generation":"generated"},{"nameUrl":"StructureDefinition-b9c6f7bf-09ee-4f55-b849-68ef04eae01e.html","title":"ETDA-MCDL-QuestionnaireResponse","generation":"generated"},{"nameUrl":"StructureDefinition-89a2dfaa-153e-4022-bdb3-4ab9fdcc47f7.html","title":"ETDA-MCDL-Location","generation":"generated"},{"nameUrl":"StructureDefinition-d7b378c4-2b84-45af-a8b7-28f235dba53a.html","title":"ETDA-MCDL-Provenance-Practitioner","generation":"generated"},{"nameUrl":"StructureDefinition-0fcbe619-0b65-4ec9-b920-b4f9d638b61e.html","title":"ETDA-MCDL-Practitioner","generation":"generated"},{"nameUrl":"StructureDefinition-6cbea532-da53-448f-8d43-207569b369f6.html","title":"ETDA-MCDL-Organization-Provider","generation":"generated"},{"nameUrl":"StructureDefinition-65b68a5a-cbb3-45f8-8cad-96b329933462.html","title":"ETDA-MCDL-Patient","generation":"generated"},{"nameUrl":"StructureDefinition-04a753ed-040f-4237-9ab3-2686738911be.html","title":"ETDA-MCDL-Provenance-Patient","generation":"generated"},{"nameUrl":"StructureDefinition-e915d54f-0527-4fcd-9d78-96a03fb90e33.html","title":"ETDA-MCDL-Composition","generation":"generated"}]}]},"parameter":[{"code":"path-resource","value":"input/capabilities"},{"code":"path-resource","value":"input/examples"},{"code":"path-resource","value":"input/extensions"},{"code":"path-resource","value":"input/models"},{"code":"path-resource","value":"input/operations"},{"code":"path-resource","value":"input/profiles"},{"code":"path-resource","value":"input/resources"},{"code":"path-resource","value":"input/vocabulary"},{"code":"path-resource","value":"input/maps"},{"code":"path-resource","value":"input/testing"},{"code":"path-resource","value":"input/history"},{"code":"path-resource","value":"fsh-generated/resources"},{"code":"path-pages","value":"template/config"},{"code":"path-pages","value":"input/images"},{"code":"path-tx-cache","value":"input-cache/txcache"}]}}